product_id,product_code,product_name_zh,product_name_en,category,size_ml,size_label,price,currency,format,description_zh,source_page,source_image_filename,source_original_image,canonical_image_filename,image_path,image_exists,image_verified,duplicate_image_group,duplicate_status,v21_page,v21_detail_anchor,active,source_conflict,verification_status,verification_notes,last_verified
1,NO.C1,皇室派對,,C,30,30ml,2450,TWD,香水,,27785393213193427833393212770030ml.html,yutacar-jkmnm3cincw-unsplash.jpg,yutacar-jkmnm3cincw-unsplash_orig.jpg,yutacar-jkmnm3cincw-unsplash.jpg,assets/uploads/1/2/8/6/128601763/yutacar-jkmnm3cincw-unsplash.jpg,YES,YES,,,30ml,#NO.C1,YES,,verified,Source HTML maps NO.C1 to the displayed image yutacar-jkmnm3cincw-unsplash.jpg.,2026-09-27
2,NO.C2,紐約那天,,C,30,30ml,2450,TWD,香水,,27785393213193427833393212770030ml.html,1244221102.jpg,1244221102_orig.jpg,1244221102.jpg,assets/uploads/1/2/8/6/128601763/1244221102.jpg,YES,YES,,,30ml,#NO.C2,YES,,verified,Source HTML maps NO.C2 to the displayed image 1244221102.jpg.,2026-09-27
3,NO.C3,偷心戀人,,C,30,30ml,2450,TWD,香水,,27785393213193427833393212770030ml.html,2087698222.jpg,2087698222_orig.jpg,2087698222.jpg,assets/uploads/1/2/8/6/128601763/2087698222.jpg,YES,YES,,,30ml,#NO.C3,YES,,verified,Source HTML maps NO.C3 to the displayed image 2087698222.jpg.,2026-09-27
4,NO.C4,悸動過後,,C,30,30ml,2450,TWD,香水,,27785393213193427833393212770030ml.html,mohammad-alizade-dunskupql7g-unsplash.jpg,mohammad-alizade-dunskupql7g-unsplash_orig.jpg,mohammad-alizade-dunskupql7g-unsplash.jpg,assets/uploads/1/2/8/6/128601763/mohammad-alizade-dunskupql7g-unsplash.jpg,YES,YES,,,30ml,#NO.C4,YES,,verified,Source HTML maps NO.C4 to the displayed image mohammad-alizade-dunskupql7g-unsplash.jpg.,2026-09-27
5,NO.C5,舞動誘惑,,C,30,30ml,2450,TWD,香水,,27785393213193427833393212770030ml.html,chermiti-mohamed-gjvokrp-6yk-unsplash.jpg,chermiti-mohamed-gjvokrp-6yk-unsplash_orig.jpg,chermiti-mohamed-gjvokrp-6yk-unsplash.jpg,assets/uploads/1/2/8/6/128601763/chermiti-mohamed-gjvokrp-6yk-unsplash.jpg,YES,YES,,,30ml,#NO.C5,YES,,verified,Source HTML maps NO.C5 to the displayed image chermiti-mohamed-gjvokrp-6yk-unsplash.jpg.,2026-09-27
6,NO.C6,讀你,,C,30,30ml,2450,TWD,香水,,27785393213193427833393212770030ml.html,adult-black-and-white-concentration-1061130.jpg,adult-black-and-white-concentration-1061130_orig.jpg,adult-black-and-white-concentration-1061130.jpg,assets/uploads/1/2/8/6/128601763/adult-black-and-white-concentration-1061130.jpg,YES,YES,,,30ml,#NO.C6,YES,,verified,Source HTML maps NO.C6 to the displayed image adult-black-and-white-concentration-1061130.jpg.,2026-09-27
7,NO.C7,夏季飄香,,C,30,30ml,2450,TWD,香水,,27785393213193427833393212770030ml.html,city-buildings-near-body-of-water-1449455.jpg,city-buildings-near-body-of-water-1449455_orig.jpg,city-buildings-near-body-of-water-1449455.jpg,assets/uploads/1/2/8/6/128601763/city-buildings-near-body-of-water-1449455.jpg,YES,YES,,,30ml,#NO.C7,YES,,verified,Source HTML maps NO.C7 to the displayed image city-buildings-near-body-of-water-1449455.jpg.,2026-09-27
8,NO.C8,2008,,C,30,30ml,2450,TWD,香水,,27785393213193427833393212770030ml.html,s-207052814.jpg,s-207052814_orig.jpg,s-207052814.jpg,assets/uploads/1/2/8/6/128601763/s-207052814.jpg,YES,YES,,,30ml,#NO.C8,YES,,verified,Source HTML maps NO.C8 to the displayed image s-207052814.jpg.,2026-09-27
9,NO.C9,光譜大地,,C,30,30ml,2450,TWD,香水,,27785393213193427833393212770030ml.html,architecture-buildings-city-cityscape-366283.jpg,architecture-buildings-city-cityscape-366283_orig.jpg,architecture-buildings-city-cityscape-366283.jpg,assets/uploads/1/2/8/6/128601763/architecture-buildings-city-cityscape-366283.jpg,YES,YES,,,30ml,#NO.C9,YES,,verified,Source HTML maps NO.C9 to the displayed image architecture-buildings-city-cityscape-366283.jpg.,2026-09-27
10,NO.L1,依偎,,L,30,30ml,2450,TWD,香水,,27785393213193427833393212770030ml.html,bride-couple-groom-70737.jpg,bride-couple-groom-70737_orig.jpg,bride-couple-groom-70737.jpg,assets/uploads/1/2/8/6/128601763/bride-couple-groom-70737.jpg,YES,YES,,,30ml,#NO.L1,YES,,verified,Source HTML maps NO.L1 to the displayed image bride-couple-groom-70737.jpg.,2026-09-27
11,NO.L2,重生續愛,,L,30,30ml,2450,TWD,香水,,27785393213193427833393212770030ml.html,jacob-rank-pgkyqck99cg-unsplash.jpg,jacob-rank-pgkyqck99cg-unsplash_orig.jpg,jacob-rank-pgkyqck99cg-unsplash.jpg,assets/uploads/1/2/8/6/128601763/jacob-rank-pgkyqck99cg-unsplash.jpg,YES,YES,,,30ml,#NO.L2,YES,,verified,Source HTML maps NO.L2 to the displayed image jacob-rank-pgkyqck99cg-unsplash.jpg.,2026-09-27
12,NO.L3,阿拉斯加戀人,,L,30,30ml,2450,TWD,香水,,27785393213193427833393212770030ml.html,backlit-blur-couple-556667.jpg,backlit-blur-couple-556667_orig.jpg,backlit-blur-couple-556667.jpg,assets/uploads/1/2/8/6/128601763/backlit-blur-couple-556667.jpg,YES,YES,,,30ml,#NO.L3,YES,,verified,Source HTML maps NO.L3 to the displayed image backlit-blur-couple-556667.jpg.,2026-09-27
13,NO.L4,愛神,,L,30,30ml,2450,TWD,香水,,27785393213193427833393212770030ml.html,lua-valentia-buy0ng5-9ds-unsplash.jpg,lua-valentia-buy0ng5-9ds-unsplash_orig.jpg,lua-valentia-buy0ng5-9ds-unsplash.jpg,assets/uploads/1/2/8/6/128601763/lua-valentia-buy0ng5-9ds-unsplash.jpg,YES,YES,,,30ml,#NO.L4,YES,,verified,Source HTML maps NO.L4 to the displayed image lua-valentia-buy0ng5-9ds-unsplash.jpg.,2026-09-27
14,NO.L5,悅愛,,L,30,30ml,2450,TWD,香水,,27785393213193427833393212770030ml.html,attachment-couple-dark-41068.jpg,attachment-couple-dark-41068_orig.jpg,attachment-couple-dark-41068.jpg,assets/uploads/1/2/8/6/128601763/attachment-couple-dark-41068.jpg,YES,YES,,,30ml,#NO.L5,YES,,verified,Source HTML maps NO.L5 to the displayed image attachment-couple-dark-41068.jpg.,2026-09-27
15,NO.L6,激情夜畔,,L,30,30ml,2450,TWD,香水,,27785393213193427833393212770030ml.html,backlit-couple-dawn-1824684.jpg,backlit-couple-dawn-1824684_orig.jpg,backlit-couple-dawn-1824684.jpg,assets/uploads/1/2/8/6/128601763/backlit-couple-dawn-1824684.jpg,YES,YES,,,30ml,#NO.L6,YES,,verified,Source HTML maps NO.L6 to the displayed image backlit-couple-dawn-1824684.jpg.,2026-09-27
16,NO.P1,富貴牡丹,,P,30,30ml,2450,TWD,香水,,27785393213193427833393212770030ml.html,1961643371.jpg,1961643371_orig.jpg,1961643371.jpg,assets/uploads/1/2/8/6/128601763/1961643371.jpg,YES,YES,,,30ml,#NO.P1,YES,,verified,Source HTML maps NO.P1 to the displayed image 1961643371.jpg.,2026-09-27
17,NO.P2,茉莉花季,,P,30,30ml,2450,TWD,香水,,27785393213193427833393212770030ml.html,bibi-pace-lzbgmtwt5ey-unsplash.jpg,bibi-pace-lzbgmtwt5ey-unsplash_orig.jpg,bibi-pace-lzbgmtwt5ey-unsplash.jpg,assets/uploads/1/2/8/6/128601763/bibi-pace-lzbgmtwt5ey-unsplash.jpg,YES,YES,,,30ml,#NO.P2,YES,,verified,Source HTML maps NO.P2 to the displayed image bibi-pace-lzbgmtwt5ey-unsplash.jpg.,2026-09-27
18,NO.P3,白玫瑰,,P,30,30ml,2450,TWD,香水,,27785393213193427833393212770030ml.html,annie-spratt-dktj6ttchmk-unsplash.jpg,annie-spratt-dktj6ttchmk-unsplash_orig.jpg,annie-spratt-dktj6ttchmk-unsplash.jpg,assets/uploads/1/2/8/6/128601763/annie-spratt-dktj6ttchmk-unsplash.jpg,YES,YES,,,30ml,#NO.P3,YES,,verified,Source HTML maps NO.P3 to the displayed image annie-spratt-dktj6ttchmk-unsplash.jpg.,2026-09-27
19,NO.P4,森林大地,,P,30,30ml,2450,TWD,香水,,27785393213193427833393212770030ml.html,casey-horner-4rdca5hblcs-unsplash.jpg,casey-horner-4rdca5hblcs-unsplash_orig.jpg,casey-horner-4rdca5hblcs-unsplash.jpg,assets/uploads/1/2/8/6/128601763/casey-horner-4rdca5hblcs-unsplash.jpg,YES,YES,,,30ml,#NO.P4,YES,,verified,Source HTML maps NO.P4 to the displayed image casey-horner-4rdca5hblcs-unsplash.jpg.,2026-09-27
20,NO.P5,沉香油,,P,1,1ml,5350,TWD,沉香精油,,27785393213193427833393212770030ml.html,680676193.jpg,680676193_orig.jpg,680676193.jpg,assets/uploads/1/2/8/6/128601763/680676193.jpg,YES,YES,,,1ml,#NO.P5,YES,,verified,Source HTML maps NO.P5 to the displayed image 680676193.jpg.,2026-09-27
21,NO.P6,祝福有餘,,P,30,30ml,2450,TWD,香水,,27785393213193427833393212770030ml.html,sergey-norkov-fd8lrufg0sm-unsplash.jpg,sergey-norkov-fd8lrufg0sm-unsplash_orig.jpg,sergey-norkov-fd8lrufg0sm-unsplash.jpg,assets/uploads/1/2/8/6/128601763/sergey-norkov-fd8lrufg0sm-unsplash.jpg,YES,YES,,,30ml,#NO.P6,YES,,verified,Source HTML maps NO.P6 to the displayed image sergey-norkov-fd8lrufg0sm-unsplash.jpg.,2026-09-27
22,NO.P7,台灣風情,,P,30,30ml,2450,TWD,香水,,27785393213193427833393212770030ml.html,s-202219571.jpg,s-202219571_orig.jpg,s-202219571.jpg,assets/uploads/1/2/8/6/128601763/s-202219571.jpg,YES,YES,,,30ml,#NO.P7,YES,,verified,Source HTML maps NO.P7 to the displayed image s-202219571.jpg.,2026-09-27
23,NO.P8,雪茄菸草,,P,30,30ml,2450,TWD,香水,,27785393213193427833393212770030ml.html,pexels-photo-1637114.jpeg,pexels-photo-1637114_orig.jpeg,pexels-photo-1637114.jpeg,assets/uploads/1/2/8/6/128601763/pexels-photo-1637114.jpeg,YES,YES,,,30ml,#NO.P8,YES,,verified,Source HTML maps NO.P8 to the displayed image pexels-photo-1637114.jpeg.,2026-09-27
24,NO.P9,絕妙玫瑰,,P,30,30ml,2450,TWD,香水,,27785393213193427833393212770030ml.html,s-205955079.jpg,s-205955079_orig.jpg,s-205955079.jpg,assets/uploads/1/2/8/6/128601763/s-205955079.jpg,YES,YES,,,30ml,#NO.P9,YES,,verified,Source HTML maps NO.P9 to the displayed image s-205955079.jpg.,2026-09-27
25,NO.P10,韶光,,P,30,30ml,2450,TWD,香水,,27785393213193427833393212770030ml.html,s-6717639.jpg,s-6717639_orig.jpg,s-6717639.jpg,assets/uploads/1/2/8/6/128601763/s-6717639.jpg,YES,YES,,,30ml,#NO.P10,YES,,verified,Source HTML maps NO.P10 to the displayed image s-6717639.jpg.,2026-09-27
26,NO.P11,戀玫瑰,,P,30,30ml,3200,TWD,香水,,27785393213193427833393212770030ml.html,1678867803690.jpg,1678867803690_orig.jpg,1678867803690.jpg,assets/uploads/1/2/8/6/128601763/1678867803690.jpg,YES,YES,,,30ml,#NO.P11,YES,,verified,Source HTML maps NO.P11 to the displayed image 1678867803690.jpg.,2026-09-27
27,NO.P12,關聖帝君沉香香水,,P,30,30ml,3000,TWD,香水,,27785393213193427833393212770030ml.html,s-32284686.jpg,s-32284686_orig.jpg,s-32284686.jpg,assets/uploads/1/2/8/6/128601763/s-32284686.jpg,YES,YES,,canonical,30ml,#NO.P12,YES,50ml source also exists,verified,30ml source explicitly maps NO.P12 to s-32284686.jpg; 50ml source representation remains separately documented.,2026-09-27
28,NO.P13,王母娘娘聖露水,,P,50,50ml,3900,TWD,香水,,27785393213193427833393212770030ml.html,s-51593265.jpg,s-51593265_orig.jpg,s-51593265.jpg,assets/uploads/1/2/8/6/128601763/s-51593265.jpg,YES,YES,,canonical,50ml,#NO.P13,YES,,verified,Source HTML maps NO.P13 to s-51593265.jpg; original/lightbox filename is s-51593265_orig.jpg.,2026-09-27
29,NO.S1,勇敢,,S,30,30ml,2450,TWD,香水,,27785393213193427833393212770030ml.html,1450243138.jpg,1450243138_orig.jpg,1450243138.jpg,assets/uploads/1/2/8/6/128601763/1450243138.jpg,YES,YES,,,30ml,#NO.S1,YES,,verified,Source HTML maps NO.S1 to the displayed image 1450243138.jpg.,2026-09-27
30,NO.S2,雍容,,S,30,30ml,2450,TWD,香水,,27785393213193427833393212770030ml.html,heng-films-mpdiphyqz4y-unsplash.jpg,heng-films-mpdiphyqz4y-unsplash_orig.jpg,heng-films-mpdiphyqz4y-unsplash.jpg,assets/uploads/1/2/8/6/128601763/heng-films-mpdiphyqz4y-unsplash.jpg,YES,YES,,,30ml,#NO.S2,YES,,verified,Source HTML maps NO.S2 to the displayed image heng-films-mpdiphyqz4y-unsplash.jpg.,2026-09-27
31,NO.S3,彩虹,,S,30,30ml,2450,TWD,香水,,27785393213193427833393212770030ml.html,beautiful-cute-facial-expression-1170654.jpg,beautiful-cute-facial-expression-1170654_orig.jpg,beautiful-cute-facial-expression-1170654.jpg,assets/uploads/1/2/8/6/128601763/beautiful-cute-facial-expression-1170654.jpg,YES,YES,,,30ml,#NO.S3,YES,,verified,Source HTML maps NO.S3 to the displayed image beautiful-cute-facial-expression-1170654.jpg.,2026-09-27
32,NO.S4,時尚大師,,S,30,30ml,2450,TWD,香水,,27785393213193427833393212770030ml.html,bishka-nguyen-njf42ybkqzg-unsplash.jpg,bishka-nguyen-njf42ybkqzg-unsplash_orig.jpg,bishka-nguyen-njf42ybkqzg-unsplash.jpg,assets/uploads/1/2/8/6/128601763/bishka-nguyen-njf42ybkqzg-unsplash.jpg,YES,YES,,,30ml,#NO.S4,YES,,verified,Source HTML maps NO.S4 to the displayed image bishka-nguyen-njf42ybkqzg-unsplash.jpg.,2026-09-27
33,NO.S5,暖心,,S,30,30ml,2450,TWD,香水,,27785393213193427833393212770030ml.html,pexels-photo-708440.jpeg,pexels-photo-708440_orig.jpeg,pexels-photo-708440.jpeg,assets/uploads/1/2/8/6/128601763/pexels-photo-708440.jpeg,YES,YES,,,30ml,#NO.S5,YES,,verified,Source HTML maps NO.S5 to the displayed image pexels-photo-708440.jpeg.,2026-09-27
34,NO.S6,沉迷,,S,30,30ml,2700,TWD,香水,,27785393213193427833393212770030ml.html,a73edf35-bfa8-46e5-8efc-7edd40af8b38.jpg,a73edf35-bfa8-46e5-8efc-7edd40af8b38_orig.jpg,a73edf35-bfa8-46e5-8efc-7edd40af8b38.jpg,assets/uploads/1/2/8/6/128601763/a73edf35-bfa8-46e5-8efc-7edd40af8b38.jpg,YES,YES,,,30ml,#NO.S6,YES,,verified,Source HTML maps NO.S6 to the displayed image a73edf35-bfa8-46e5-8efc-7edd40af8b38.jpg.,2026-09-27
35,NO.S7,檀魂,,S,30,30ml,3000,TWD,香水,,27785393213193427833393212770030ml.html,s-214745099.jpg,s-214745099_orig.jpg,s-214745099.jpg,assets/uploads/1/2/8/6/128601763/s-214745099.jpg,YES,YES,,,30ml,#NO.S7,YES,,verified,Source HTML maps NO.S7 to the displayed image s-214745099.jpg.,2026-09-27
36,NO.S8,旅人,,S,30,30ml,2600,TWD,香水,,27785393213193427833393212770030ml.html,d7d6b47b-d68a-421d-b1ae-87333cf24d18.jpg,d7d6b47b-d68a-421d-b1ae-87333cf24d18_orig.jpg,d7d6b47b-d68a-421d-b1ae-87333cf24d18.jpg,assets/uploads/1/2/8/6/128601763/d7d6b47b-d68a-421d-b1ae-87333cf24d18.jpg,YES,YES,,,30ml,#NO.S8,YES,,verified,Source HTML maps NO.S8 to the displayed image d7d6b47b-d68a-421d-b1ae-87333cf24d18.jpg.,2026-09-27
37,NO.N1,星月呢喃,,N,30,30ml,2450,TWD,香水,,27785393213193427833393212770030ml.html,greg-rakozy-ompaz-dn-9i-unsplash.jpg,greg-rakozy-ompaz-dn-9i-unsplash_orig.jpg,greg-rakozy-ompaz-dn-9i-unsplash.jpg,assets/uploads/1/2/8/6/128601763/greg-rakozy-ompaz-dn-9i-unsplash.jpg,YES,YES,,,30ml,#NO.N1,YES,,verified,Source HTML maps NO.N1 to the displayed image greg-rakozy-ompaz-dn-9i-unsplash.jpg.,2026-09-27
38,NO.N2,蔚海藍天,,N,30,30ml,2450,TWD,香水,,27785393213193427833393212770030ml.html,498942889.jpg,498942889_orig.jpg,498942889.jpg,assets/uploads/1/2/8/6/128601763/498942889.jpg,YES,YES,,,30ml,#NO.N2,YES,,verified,Source HTML maps NO.N2 to the displayed image 498942889.jpg.,2026-09-27
39,NO.N3,霎那春秋,,N,30,30ml,2450,TWD,香水,,27785393213193427833393212770030ml.html,paul-green-fhogkxwqz0s-unsplash.jpg,paul-green-fhogkxwqz0s-unsplash_orig.jpg,paul-green-fhogkxwqz0s-unsplash.jpg,assets/uploads/1/2/8/6/128601763/paul-green-fhogkxwqz0s-unsplash.jpg,YES,YES,,,30ml,#NO.N3,YES,,verified,Source HTML maps NO.N3 to the displayed image paul-green-fhogkxwqz0s-unsplash.jpg.,2026-09-27
40,NO.N4,曙光九號,,N,30,30ml,2450,TWD,香水,,27785393213193427833393212770030ml.html,casey-horner-d4toocieyf4-unsplash.jpg,casey-horner-d4toocieyf4-unsplash_orig.jpg,casey-horner-d4toocieyf4-unsplash.jpg,assets/uploads/1/2/8/6/128601763/casey-horner-d4toocieyf4-unsplash.jpg,YES,YES,,,30ml,#NO.N4,YES,,verified,Source HTML maps NO.N4 to the displayed image casey-horner-d4toocieyf4-unsplash.jpg.,2026-09-27
41,NO.N5,島上天空,,N,30,30ml,2450,TWD,香水,,27785393213193427833393212770030ml.html,s-200458293.jpg,s-200458293_orig.jpg,s-200458293.jpg,assets/uploads/1/2/8/6/128601763/s-200458293.jpg,YES,YES,IMG-N5-N6,canonical,30ml,#NO.N5,YES,,verified,Source HTML maps NO.N5 to s-200458293.jpg. The source uses the same displayed image for NO.N6.,2026-09-27
42,NO.N6,聖露水,,N,30,30ml,3000,TWD,香水,,27785393213193427833393212770030ml.html,s-200458293.jpg,s-200458293_orig.jpg,s-200458293.jpg,assets/uploads/1/2/8/6/128601763/s-200458293.jpg,YES,YES,IMG-N5-N6,duplicate,30ml,#NO.N6,YES,,verified,Source HTML maps NO.N6 to the same displayed image s-200458293.jpg as NO.N5; one canonical asset is used.,2026-09-27
